name,type,customers,customers__002,customers__003,nationality,mass,manufacturer,reused,dragon__capsule,dragon__mass_returned_kg,dragon__mass_returned_lbs,dragon__flight_time_sec,dragon__manifest,dragon__water_landing,dragon__land_landing,launch,mass_kg,orbit,reference_system,regime,longitude,semi_major_axis_km,eccentricity,periapsis_km,apoapsis_km,inclination_deg,period_min,lifespan_years,epoch,mean_motion,raan,arg_of_pericenter,mean_anomaly,id,norad_ids__-,norad_ids
FalconSAT-2,Satellite,DARPA,,,United States,43,SSTL,FALSE,null,null,null,null,null,null,null,5eb87cd9ffd86e000604b32a,20,LEO,geocentric,low-earth,null,null,null,400,500,39,null,null,null,null,null,null,null,5eb0e4b5b6c3bb0006eeb1e1,,
RatSat,Satellite,SpaceX,,,United States,363,SpaceX,FALSE,null,null,null,null,null,null,null,5eb87cdbffd86e000604b32d,165,LEO,geocentric,low-earth,null,6991.99,0.0012669,604.997,622.713,9.347,96.975,null,2021-01-12T17:56:17.000Z,14.84914709,74.7621,41.2544,318.8611,5eb0e4b7b6c3bb0006eeb1e5,33393,
RazakSAT,Satellite,ATSB,,,Malaysia,440,Satrec,FALSE,null,null,null,null,null,null,null,5eb87cdcffd86e000604b32e,200,LEO,geocentric,low-earth,null,7048.889,0.0017109,658.694,682.813,8.9885,98.161,null,2021-01-13T05:06:56.000Z,14.66971755,335.0541,263.5578,96.2664,5eb0e4b7b6c3bb0006eeb1e6,35578,
CASSIOPE,Satellite,MDA,,,Canada,1100,MDA,FALSE,null,null,null,null,null,null,null,5eb87ce1ffd86e000604b334,500,PO,geocentric,low-earth,null,7166.389,0.0654739,319.042,1257.465,80.9678,100.626,2,2021-01-13T05:10:19.000Z,14.31041308,94.936,49.187,316.4226,5eb0e4bbb6c3bb0006eeb1ee,39265,
SES-8,Satellite,SES,,,Luxembourg,6990,Orbital ATK,FALSE,null,null,null,null,null,null,null,5eb87ce2ffd86e000604b335,3170,GTO,geocentric,geostationary,95,42165.135,0.0001035,35782.636,35791.365,0.0576,1436.117,15,2021-01-12T22:56:18.000Z,1.00270344,247.9763,104.7527,198.9926,5eb0e4bbb6c3bb0006eeb1ef,39460,
Thaicom 6,Satellite,Thaicom,,,Thailand,7330,Orbital ATK,FALSE,null,null,null,null,null,null,null,5eb87ce3ffd86e000604b336,3325,GTO,geocentric,geostationary,78.5,42165.075,0.000078,35783.652,35790.229,0.0676,1436.114,15,2021-01-12T21:17:28.000Z,1.00270558,119.9493,131.1037,259.3984,5eb0e4bbb6c3bb0006eeb1f0,39500,
Orbcomm-OG2-M1,Satellite,Orbcomm,,,United States,2901,Boeing,FALSE,null,null,null,null,null,null,null,5eb87ce4ffd86e000604b338,1316,LEO,geocentric,low-earth,null,6641.01,0.0090712,202.633,323.117,51.6528,89.765,5,2012-10-08T03:42:59.000Z,16.04175555,280.7278,54.0639,355.0595,5eb0e4bcb6c3bb0006eeb1f2,38847,
AsiaSat 8,Satellite,AsiaSat,,,Hong Kong,9998,SSL,FALSE,null,null,null,null,null,null,null,5eb87ce5ffd86e000604b339,4535,GTO,geocentric,geostationary,105.5,42165.096,0.0001198,35781.909,35792.012,0.0124,1436.115,15,2021-01-13T06:40:42.000Z,1.00270486,42.0686,263.3838,263.81,5eb0e4bcb6c3bb0006eeb1f3,40107,
AsiaSat 6,Satellite,AsiaSat,,,Hong Kong,9762,SSL,FALSE,null,null,null,null,null,null,null,5eb87ce6ffd86e000604b33a,4428,GTO,geocentric,geostationary,120,42164.673,0.0000148,35785.914,35787.162,0.0621,1436.093,15,2021-01-12T21:29:24.000Z,1.00271992,275.1982,14.8973,264.742,5eb0e4bcb6c3bb0006eeb1f4,40141,
DSCOVR,Satellite,NASA,NOAA,USAF,United States,1260,Sierra Nevada,FALSE,null,null,null,null,null,null,null,5eb87ceaffd86e000604b33d,570,ES-L1,heliocentric,L1-point,null,null,null,null,null,null,null,5,null,null,null,null,null,5eb0e4bdb6c3bb0006eeb1f7,40390,
ABS-3A,Satellite,ABS,,,Hong Kong,4307,Boeing,FALSE,null,null,null,null,null,null,null,5eb87ceaffd86e000604b33e,1954,GTO,geocentric,geostationary,-3,42164.806,0.0001179,35781.7,35791.643,0.0079,1436.1,15,2021-01-12T17:27:27.000Z,1.00271518,24.4256,243.9083,103.0036,5eb0e4bdb6c3bb0006eeb1f8,40424,
Eutelsat 115 West B,Satellite,Eutelsat,,,France,4861,Boeing,FALSE,null,null,null,null,null,null,null,5eb87ceaffd86e000604b33e,2205,GTO,geocentric,geostationary,-114.9,42165.236,0.0000391,35785.452,35788.749,0.0098,1436.122,15,2021-01-13T04:20:43.000Z,1.00269987,223.4893,25.9447,173.7072,5eb0e4bdb6c3bb0006eeb1f9,40425,
TürkmenÄlem 52°E / MonacoSAT,Satellite,Turkmenistan National Space Agency,,,Turkmenistan,10377,Thales Alenia Space,FALSE,null,null,null,null,null,null,null,5eb87cedffd86e000604b340,4707,GTO,geocentric,geostationary,52,42164.216,0.0002376,35776.062,35796.099,0.0235,1436.07,15,2021-01-12T21:30:57.000Z,1.00273625,58.8972,234.4026,194.069,5eb0e4beb6c3bb0006eeb1fb,40617,
Orbcomm-OG2-M2,Satellite,Orbcomm,,,United States,4484,Boeing,FALSE,null,null,null,null,null,null,null,5eb87cefffd86e000604b342,2034,LEO,geocentric,low-earth,null,7088.014,0.0001941,708.503,711.255,47.0064,98.979,5,2021-01-13T01:39:35.000Z,14.54842106,151.4265,131.0592,229.046,5eb0e4beb6c3bb0006eeb1fd,41187,
Jason-3,Satellite,NASA,NOAA,,United States,1219,Thales Alenia Space,FALSE,null,null,null,null,null,null,null,5eb87cf0ffd86e000604b343,553,PO,geocentric,low-earth,null,7715.867,0.0007448,1331.985,1343.479,66.0416,112.418,5,2021-01-12T21:48:03.000Z,12.80930678,290.0949,271.7233,88.2929,5eb0e4beb6c3bb0006eeb1fe,41240,
SES-9,Satellite,SES,,,Luxembourg,11621,Boeing,FALSE,null,null,null,null,null,null,null,5eb87cf2ffd86e000604b344,5271,GTO,geocentric,geostationary,108.2,42165.399,0.0000665,35784.46,35790.068,0.0508,1436.131,15,2021-01-12T21:26:08.000Z,1.00269403,269.0515,157.1831,116.1659,5eb0e4beb6c3bb0006eeb1ff,41380,
JCSAT-2B,Satellite,SKY Perfect JSAT Group,,,Japan,10353,SSL,FALSE,null,null,null,null,null,null,null,5eb87cf5ffd86e000604b346,4696,GTO,geocentric,geostationary,154,42165.204,0.0001691,35779.938,35794.199,0.0172,1436.121,15,2021-01-12T21:39:12.000Z,1.00270101,39.4095,251.8195,300.1376,5eb0e4bfb6c3bb0006eeb201,41471,
Thaicom 8,Satellite,Thaicom,,,Thailand,6800,Orbital ATK,FALSE,null,null,null,null,null,null,null,5eb87cf6ffd86e000604b347,3100,GTO,geocentric,geostationary,78.5,42164.973,0.0002862,35774.77,35798.905,0.1041,1436.109,15,2021-01-12T21:17:36.000Z,1.00270924,76.1976,277.4974,156.7967,5eb0e4bfb6c3bb0006eeb202,41552,
ABS-2A,Satellite,ABS,,,Hong Kong,3950,Boeing,FALSE,null,null,null,null,null,null,null,5eb87cf8ffd86e000604b348,1800,GTO,geocentric,geostationary,75,42165.04,0.0000952,35782.891,35790.92,0.0207,1436.112,15,2021-01-12T22:59:51.000Z,1.00270683,58.5192,187.8082,285.9979,5eb0e4bfb6c3bb0006eeb203,41588,
Eutelsat 117 West B,Satellite,Eutelsat,,,France,3950,Boeing,FALSE,null,null,null,null,null,null,null,5eb87cf8ffd86e000604b348,1800,GTO,geocentric,geostationary,-116.8,42165.236,0.0000391,35785.452,35788.749,0.0098,1436.122,15,2021-01-13T04:20:43.000Z,1.00269987,223.4893,25.9447,173.7072,5eb0e4bfb6c3bb0006eeb204,40425,
JCSAT-16,Satellite,SKY Perfect JCSAT Group,,,Japan,10100,SSL,FALSE,null,null,null,null,null,null,null,5eb87cfaffd86e000604b34a,4600,GTO,geocentric,geostationary,162,42165.182,0.0000281,35785.862,35788.232,0.0588,1436.119,15,2021-01-12T23:15:03.000Z,1.00270178,95.0164,242.4789,251.8385,5eb0e4c1b6c3bb0006eeb206,41729,
Amos-6,Satellite,Spacecom,,,Israel,12100,Israel Aerospace Industries,FALSE,null,null,null,null,null,null,null,5eb87cfbffd86e000604b34b,5500,GTO,geocentric,geostationary,-4,null,null,35785,35800,null,null,15,null,null,null,null,null,5eb0e4c1b6c3bb0006eeb207,,
Iridium NEXT 1,Satellite,Iridium Communications,,,United States,21200,Thales Alenia Space,FALSE,null,null,null,null,null,null,null,5eb87cfdffd86e000604b34c,9600,PO,geocentric,low-earth,null,7155.803,0.000157,776.544,778.791,86.3992,100.403,15,2021-01-13T10:29:17.000Z,14.34218063,196.2242,84.3195,275.818,5eb0e4c2b6c3bb0006eeb208,,41917
EchoStar 23,Satellite,EchoStar,,,United States,12399,Airbus Defence and Space,FALSE,null,null,null,null,null,null,null,5eb87cfeffd86e000604b34e,5600,GTO,geocentric,geostationary,-44.9,42164.958,0.0002037,35778.234,35795.412,0.0036,1436.108,15,2021-01-12T18:52:08.000Z,1.00270976,111.4258,177.3758,38.796,5eb0e4c3b6c3bb0006eeb20a,42070,
SES-10,Satellite,SES,,,Luxembourg,11700,Airbus Defence and Space,FALSE,null,null,null,null,null,null,null,5eb87d00ffd86e000604b34f,5300,GTO,geocentric,geostationary,-67,42165.423,0.000239,35777.211,35797.366,0.0094,1436.132,15,2021-01-12T18:52:15.000Z,1.00269317,55.8933,239.302,33.4384,5eb0e4c3b6c3bb0006eeb20b,42432,
Inmarsat-5 F4,Satellite,Inmarsat,,,United Kingdom,13380,Boeing,FALSE,null,null,null,null,null,null,null,5eb87d01ffd86e000604b351,6070,GTO,geocentric,geostationary,117,42165.623,0.0000395,35785.822,35789.153,0.0031,1436.142,15,2021-01-13T02:21:18.000Z,1.00268605,121.9355,22.3603,60.287,5eb0e4c3b6c3bb0006eeb20d,42698,
BulgariaSat-1,Satellite,Bulgaria Sat,,,Bulgaria,8089,SSL,FALSE,null,null,null,null,null,null,null,5eb87d04ffd86e000604b353,3669,GTO,geocentric,geostationary,1.9,42164.992,0.000274,35775.304,35798.41,0.0118,1436.11,15,2021-01-12T19:12:06.000Z,1.00270856,324.178,327.1978,111.0351,5eb0e4c4b6c3bb0006eeb20f,42801,
Iridium NEXT 2,Satellite,Iridium Communications,,,United States,21164,Thales Alenia Space,FALSE,null,null,null,null,null,null,null,5eb87d05ffd86e000604b354,9600,PO,geocentric,low-earth,null,7155.803,0.0002302,776.021,779.315,86.3962,100.403,15,2021-01-13T03:55:07.000Z,14.34218002,69.9409,86.3364,273.8095,5eb0e4c4b6c3bb0006eeb210,,42803
Intelsat 35e,Satellite,Intelsat,,,United States,14905,Boeing,FALSE,null,null,null,null,null,null,null,5eb87d06ffd86e000604b355,6761,GTO,geocentric,geosynchronous,-34.5,42163.296,0.0001598,35778.423,35791.899,0.0299,1436.023,15,2021-01-13T05:51:42.000Z,1.00276906,161.5521,137.0519,227.7356,5eb0e4c4b6c3bb0006eeb211,42818,
FormoSat-5,Satellite,NSPO (Taiwan),,,Taiwan,1047,NSPO,FALSE,null,null,null,null,null,null,null,5eb87d08ffd86e000604b357,475,SSO,geocentric,sun-synchronous,null,7101.017,0.0011647,714.611,731.152,98.2846,99.252,5,2021-01-13T02:20:44.000Z,14.5084803,95.0467,53.9174,306.3082,5eb0e4c4b6c3bb0006eeb213,42920,
X-37B OTV-5,Satellite,USAF,,,United States,11001,Boeing Defense,FALSE,null,null,null,null,null,null,null,5eb87d09ffd86e000604b358,4990,LEO,geocentric,low-earth,null,null,null,null,null,54,null,null,null,null,null,null,null,5eb0e4c5b6c3bb0006eeb214,,
Iridium NEXT 3,Satellite,Iridium Communications,,,United States,21164,Thales Alenia Space,FALSE,null,null,null,null,null,null,null,5eb87d0affd86e000604b359,9600,PO,geocentric,low-earth,null,7155.804,0.0002364,775.978,779.361,86.3993,100.403,15,2021-01-13T00:34:55.000Z,14.34217533,133.2058,88.8184,271.3282,5eb0e4c5b6c3bb0006eeb215,,42955
SES-11 / Echostar 105,Satellite,SES,Echostar,,United States,11464,Airbus Defence and Space,FALSE,null,null,null,null,null,null,null,5eb87d0cffd86e000604b35a,5200,GTO,geocentric,geostationary,-105,42164.805,0.00023,35776.972,35796.368,0.0198,1436.1,15,2021-01-13T04:30:30.000Z,1.00271523,87.7173,206.4883,141.324,5eb0e4c5b6c3bb0006eeb216,42967,
KoreaSat 5A,Satellite,KT Corporation,,,South Korea,8157,Thales Alenia Space,FALSE,null,null,null,null,null,null,null,5eb87d0dffd86e000604b35b,3700,GTO,geocentric,geostationary,113,42164.86,0.0001585,35780.042,35793.409,0.0228,1436.103,15,2021-01-13T00:25:42.000Z,1.00271325,90.7361,117.9349,23.6033,5eb0e4c5b6c3bb0006eeb217,42984,
Iridium NEXT 4,Satellite,Iridium Communications,,,United States,21164,Thales Alenia Space,FALSE,null,null,null,null,null,null,null,5eb87d0fffd86e000604b35d,9600,PO,geocentric,low-earth,null,7155.804,0.0001921,776.295,779.044,86.3956,100.403,15,2021-01-13T05:08:11.000Z,14.34217557,69.8872,103.5145,256.6265,5eb0e4c6b6c3bb0006eeb219,,43070
GovSat-1,Satellite,GovSat,,,Luxembourg,9326,Orbital ATK,FALSE,null,null,null,null,null,null,null,5eb87d11ffd86e000604b35f,4230,GTO,geocentric,geostationary,21.5,null,null,null,null,null,null,15,null,null,null,null,null,5eb0e4c6b6c3bb0006eeb21b,43178,
Paz,Satellite,HisdeSAT,,,Spain,2976,Airbus Defence and Space,FALSE,null,null,null,null,null,null,null,5eb87d14ffd86e000604b361,1350,SSO,geocentric,sun-synchronous,null,6886.531,0.0001786,507.166,509.626,97.4447,94.789,15,2021-01-13T12:50:28.000Z,15.19154392,23.3135,80.6972,33.9905,5eb0e4c6b6c3bb0006eeb21d,43215,
Tintin A & B,Satellite,SpaceX,,,United States,1764,SpaceX,FALSE,null,null,null,null,null,null,null,5eb87d14ffd86e000604b361,800,SSO,geocentric,low-earth,null,6543.402,0.0015282,155.268,175.267,97.4245,87.794,1,2020-08-29T07:40:05.000Z,16.40201759,260.1382,265.467,95.5903,5eb0e4c6b6c3bb0006eeb21e,,43216
Hispasat 30W-6,Satellite,Hispasat,,,Spain,13431,SSL,FALSE,null,null,null,null,null,null,null,5eb87d15ffd86e000604b362,6092,GTO,geocentric,geostationary,-30,42165.22,0.0003209,35773.555,35800.616,0.0416,1436.121,15,2021-01-12T19:03:03.000Z,1.00270041,46.8225,284.7552,36.6504,5eb0e4c7b6c3bb0006eeb21f,43228,
Iridium NEXT 5,Satellite,Iridium Communications,,,United States,21164,Thales Alenia Space,FALSE,null,null,null,null,null,null,null,5eb87d16ffd86e000604b363,9600,PO,geocentric,low-earth,null,7155.796,0.0001824,776.356,778.966,86.3955,100.403,15,2021-01-13T03:41:02.000Z,14.34220076,38.3055,87.5273,272.6132,5eb0e4c7b6c3bb0006eeb220,,43249
TESS,Satellite,NASA,,,United States,772,Orbital ATK,FALSE,null,null,null,null,null,null,null,5eb87d18ffd86e000604b365,350,HEO,highly-elliptical,high-earth,null,249872.461,0.6429404,82841.226,404147.426,5.8353,20717.498,10,2020-11-19T08:12:03.000Z,0.06950646,81.3499,195.5714,2.5301,5eb0e4c7b6c3bb0006eeb222,43435,
Bangabandhu-1,Satellite,Bangladesh Gov,,,Bangladesh,8270,Thales Alenia Space,FALSE,null,null,null,null,null,null,null,5eb87d19ffd86e000604b366,3750,GTO,geocentric,geostationary,119.1,42165.725,0.0001617,35780.772,35794.408,0.0166,1436.147,15,2021-01-13T01:29:42.000Z,1.00268241,58.9027,238.9212,316.4612,5eb0e4c7b6c3bb0006eeb223,43463,
Iridium NEXT 6,Satellite,Iridium Communications,,,United States,9480,Thales Alenia Space,FALSE,null,null,null,null,null,null,null,5eb87d1affd86e000604b367,4300,PO,geocentric,low-earth,null,7125.821,0.0002089,746.198,749.175,86.4514,99.772,15,2021-01-13T00:57:58.000Z,14.43279058,196.4052,80.972,279.1717,5eb0e4c7b6c3bb0006eeb224,,43478
SES-12,Satellite,SES,,,Luxembourg,11869,Airbus Defence and Space,FALSE,null,null,null,null,null,null,null,5eb87d1bffd86e000604b368,5383.85,GTO,geocentric,geostationary,95,42164.8,0.000199,35778.274,35795.056,0.0174,1436.1,15,2021-01-12T23:00:30.000Z,1.00271541,47.6644,230.3749,274.7201,5eb0e4c8b6c3bb0006eeb226,43488,
Telstar 19V,Satellite,Telesat,,,Canada,15600,SSL,FALSE,null,null,null,null,null,null,null,5eb87d1effd86e000604b36a,7076,GTO,geocentric,geostationary,-65,42164.642,0.0001433,35780.465,35792.549,0.0146,1436.092,15,2021-01-12T18:53:31.000Z,1.00272105,33.9869,152.3931,146.4644,5eb0e4c8b6c3bb0006eeb228,43562,
Iridium NEXT 7,Satellite,Iridium Communications,,,United States,21164,Thales Alenia Space,FALSE,null,null,null,null,null,null,null,5eb87d1fffd86e000604b36b,9600,PO,geocentric,low-earth,null,7155.814,0.0002233,776.081,779.277,86.3998,100.403,15,2021-01-13T02:56:49.000Z,14.34214704,164.6756,99.3684,260.7765,5eb0e4c9b6c3bb0006eeb229,,43569
Telkom-4,Satellite,Telkom,,,Indonesia,12787,SSL,FALSE,null,null,null,null,null,null,null,5eb87d20ffd86e000604b36c,5800,GTO,geocentric,geostationary,-108,42165.281,0.000115,35782.297,35791.995,0.0146,1436.125,15,2021-01-13T09:29:32.000Z,1.00269823,38.8571,300.7993,23.779,5eb0e4c9b6c3bb0006eeb22a,43587,
Telstar 18V,Satellite,Telesat,,,Canada,15565,SSL,FALSE,null,null,null,null,null,null,null,5eb87d22ffd86e000604b36d,7060,GTO,geocentric,geostationary,138,42165.273,0.0001672,35780.088,35794.188,0.0079,1436.124,15,2021-01-13T07:54:49.000Z,1.00269853,70.7816,226.4385,72.4873,5eb0e4c9b6c3bb0006eeb22b,43611,
SAOCOM 1A,Satellite,CONAE,,,Argentina,6173,INVAP,FALSE,null,null,null,null,null,null,null,5eb87d23ffd86e000604b36e,2800,SSO,geocentric,sun-synchronous,null,7000.671,0.0001441,621.528,623.545,97.8851,97.155,5,2021-01-13T10:39:16.000Z,14.82153463,202.5689,85.2737,274.8642,5eb0e4c9b6c3bb0006eeb22c,43641,
Es’hail 2,Satellite,Es’hailSat,,,Qatar,6614,Mitsubishi Electric,FALSE,null,null,null,null,null,null,null,5eb87d24ffd86e000604b36f,3000,GTO,geocentric,geostationary,25.5,42164.914,0.0001576,35780.134,35793.424,0.0217,1436.106,15,2021-01-13T02:12:30.000Z,1.00271134,44.1955,302.3394,185.1708,5eb0e4c9b6c3bb0006eeb22d,43700,
SSO-A,Satellite,"Spaceflight Industries, Inc",,,United States,8818,"Spaceflight Industries, Inc",FALSE,null,null,null,null,null,null,null,5eb87d25ffd86e000604b370,4000,SSO,geocentric,sun-synchronous,null,6959.941,0.0014164,571.948,591.664,97.6848,96.309,null,2021-01-13T03:12:37.000Z,14.95183201,86.8263,202.6584,157.4013,5eb0e4c9b6c3bb0006eeb22e,,43775
GPS III SV01,Satellite,USAF,,,United States,9700,Lockheed Martin,FALSE,null,null,null,null,null,null,null,5eb87d27ffd86e000604b372,4400,MEO,geocentric,semi-synchronous,null,26559.592,0.0010884,20152.55,20210.365,55.0222,717.946,15,2021-01-12T15:05:28.000Z,2.00572155,170.4465,196.8081,145.3788,5eb0e4cab6c3bb0006eeb230,43873,
Iridium NEXT 8,Satellite,Iridium Communications,,,United States,21164,Thales Alenia Space,FALSE,null,null,null,null,null,null,null,5eb87d28ffd86e000604b373,9600,PO,geocentric,low-earth,null,7155.807,0.0002779,775.684,779.661,86.3973,100.403,15,2021-01-13T04:45:43.000Z,14.34216695,101.4858,117.934,242.2137,5eb0e4cab6c3bb0006eeb231,,43922
Nusantara Satu (PSN-6),Satellite,Pasifik Satelit Nusantara,,,Indonesia,11023,SSL,FALSE,null,null,null,null,null,null,null,5eb87d2affd86e000604b374,5000,GTO,geocentric,geostationary,146,42165.355,0.0001749,35779.845,35794.594,0.0123,1436.128,15,2021-01-13T09:49:54.000Z,1.00269562,49.6179,246.9914,109.9557,5eb0e4cab6c3bb0006eeb232,44048,
S5,Satellite,Air Force Research Laboratory,,,United States,132,Applied Defense Systems,FALSE,null,null,null,null,null,null,null,5eb87d2affd86e000604b374,60,GTO,geocentric,geostationary,null,null,null,null,null,null,null,null,null,null,null,null,null,5eb0e4cab6c3bb0006eeb233,,
ArabSat 6A,Satellite,Arabsat,,,Saudi Arabia,13228,Lockheed Martin,FALSE,null,null,null,null,null,null,null,5eb87d2dffd86e000604b376,6000,GTO,geocentric,geostationary,30.5,42164.384,0.0005481,35763.139,35809.359,0.0299,1436.079,15,2021-01-12T21:23:42.000Z,1.00273024,7.6949,285.1036,171.2258,5eb0e4cbb6c3bb0006eeb236,44186,
Starlink v0.9,Satellite,SpaceX,,,United States,30027,SpaceX,FALSE,null,null,null,null,null,null,null,5eb87d30ffd86e000604b378,13620,VLEO,geocentric,very-low-earth,null,6525.788,0.0009041,141.753,153.553,52.9736,87.439,null,2020-10-01T07:31:19.000Z,16.46847225,36.3928,295.9879,160.3065,5eb0e4cbb6c3bb0006eeb238,,44235
RADARSAT Constellation,Satellite,CSA,,,Canada,3142,Maxar Technologies,FALSE,null,null,null,null,null,null,null,5eb87d31ffd86e000604b379,1425,SSO,geocentric,sun-synchronous,null,6967.983,0.0001623,588.717,590.979,97.7595,96.476,null,2021-01-13T09:31:23.000Z,14.9259542,23.1419,81.8051,278.3354,5eb0e4ccb6c3bb0006eeb239,,44322
DSX,Satellite,USAF,,,United States,1323,Sierra Nevada Corporation,FALSE,null,null,null,null,null,null,null,5eb87d35ffd86e000604b37a,600,MEO,geocentric,medium-earth,null,15397.815,0.1973349,5981.153,12058.206,42.3292,316.919,null,2021-01-12T04:33:43.000Z,4.5437466,356.2116,243.7372,94.7231,5eb0e4ccb6c3bb0006eeb23a,44344,
COSMIC-2,Satellite,NOAA,NASA,Taiwan,United States,3677,National Space Organization,FALSE,null,null,null,null,null,null,null,5eb87d35ffd86e000604b37a,1668,LEO,geocentric,low-earth,null,null,null,null,null,null,null,null,null,null,null,null,null,5eb0e4ccb6c3bb0006eeb23b,,
GPIM,Satellite,NASA,,,United States,396,Ball Aerospace & Technologies Corp,FALSE,null,null,null,null,null,null,null,5eb87d35ffd86e000604b37a,180,LEO,geocentric,low-earth,null,null,null,null,null,null,null,null,null,null,null,null,null,5eb0e4ccb6c3bb0006eeb23c,,
Oculus-ASR,Satellite,Michigan Tech,,,United States,154,Michigan Tech,FALSE,null,null,null,null,null,null,null,5eb87d35ffd86e000604b37a,70,LEO,geocentric,low-earth,null,6746.92,0.0140242,274.165,463.405,28.5101,91.921,null,2021-01-13T04:29:51.000Z,15.66550405,323.3315,227.4151,131.4548,5eb0e4ccb6c3bb0006eeb23d,44356,
OTB 1,Satellite,General Atomics,,,United States,304,Surrey Satellite Technology-US LLC,FALSE,null,null,null,null,null,null,null,5eb87d35ffd86e000604b37a,138,LEO,geocentric,low-earth,null,7094.375,0.0011655,707.972,724.509,23.9966,99.113,null,2021-01-13T00:25:52.000Z,14.52885878,233.2236,276.4199,83.4965,5eb0e4ccb6c3bb0006eeb23e,44341,
NPSAT 1,Satellite,Naval Postgrad School,,,United States,189,Naval Postgrad School,FALSE,null,null,null,null,null,null,null,5eb87d35ffd86e000604b37a,86,LEO,geocentric,low-earth,null,7094.64,0.0011198,708.561,724.45,23.9993,99.118,null,2021-01-12T21:58:08.000Z,14.52804406,234.4562,272.2805,87.6404,5eb0e4cdb6c3bb0006eeb23f,44340,
Prox-1,Satellite,Georgia Tech,,,United States,156,Georgia Tech,FALSE,null,null,null,null,null,null,null,5eb87d35ffd86e000604b37a,71,LEO,geocentric,low-earth,null,7092.958,0.0011213,706.87,722.777,23.9991,99.083,null,2021-01-13T06:27:27.000Z,14.5332118,231.377,283.3786,76.5456,5eb0e4cdb6c3bb0006eeb240,44339,
LightSail-B,Satellite,Planetary Society,,,United States,11,Planetary Society,FALSE,null,null,null,null,null,null,null,5eb87d35ffd86e000604b37a,5,LEO,geocentric,low-earth,null,7092.958,0.0011213,706.87,722.777,23.9991,99.083,null,2021-01-13T06:27:27.000Z,14.5332118,231.377,283.3786,76.5456,5eb0e4cdb6c3bb0006eeb241,44339,
ARMADILLO,Satellite,University of Texas,,,United States,9,University of Texas,FALSE,null,null,null,null,null,null,null,5eb87d35ffd86e000604b37a,4,LEO,geocentric,low-earth,null,null,null,null,null,null,null,null,null,null,null,null,null,5eb0e4cdb6c3bb0006eeb242,,
FalconSat 7,Satellite,USAF Academy,,,United States,11,USAF Academy,FALSE,null,null,null,null,null,null,null,5eb87d35ffd86e000604b37a,5,LEO,geocentric,low-earth,null,null,null,null,null,null,null,null,null,null,null,null,null,5eb0e4cdb6c3bb0006eeb243,,
E-TBEx A & B,Satellite,SRI International,,,United States,9,SRI International,FALSE,null,null,null,null,null,null,null,5eb87d35ffd86e000604b37a,4,LEO,geocentric,low-earth,null,null,null,null,null,null,null,null,null,null,null,null,null,5eb0e4cdb6c3bb0006eeb244,,
PSat 2,Satellite,US Naval Academy,,,United States,4,US Naval Academy,FALSE,null,null,null,null,null,null,null,5eb87d35ffd86e000604b37a,2,LEO,geocentric,low-earth,null,6917.105,0.0344458,300.705,777.236,28.5266,95.421,null,2021-01-12T21:19:19.000Z,15.09093454,79.0732,37.9101,324.5228,5eb0e4cdb6c3bb0006eeb245,44357,
BRICSat 2,Satellite,US Naval Academy,,,United States,2,US Naval Academy,FALSE,null,null,null,null,null,null,null,5eb87d35ffd86e000604b37a,1,LEO,geocentric,low-earth,null,null,null,null,null,null,null,null,null,null,null,null,null,5eb0e4ceb6c3bb0006eeb246,,
TEPCE 1 & 2,Satellite,Naval Research Lab,,,United States,3,Naval Research Lab,FALSE,null,null,null,null,null,null,null,5eb87d35ffd86e000604b37a,1.5,LEO,geocentric,low-earth,null,null,null,null,null,null,null,null,null,null,null,null,null,5eb0e4ceb6c3bb0006eeb247,,
CP9,Satellite,Cal Poly,,,United States,3,Cal Poly,FALSE,null,null,null,null,null,null,null,5eb87d35ffd86e000604b37a,1.5,LEO,geocentric,low-earth,null,null,null,null,null,null,null,null,null,null,null,null,null,5eb0e4ceb6c3bb0006eeb248,,
StangSat,Satellite,Merrit Island HS,,,United States,2,Merrit Island HS,FALSE,null,null,null,null,null,null,null,5eb87d35ffd86e000604b37a,1,LEO,geocentric,low-earth,null,null,null,null,null,null,null,null,null,null,null,null,null,5eb0e4ceb6c3bb0006eeb249,,
Amos-17,Satellite,Spacecom,,,Israel,14330,Boeing Satellite Systems,FALSE,null,null,null,null,null,null,null,5eb87d37ffd86e000604b37c,6500,GTO,geocentric,geostationary,17,null,null,null,null,null,null,15,null,null,null,null,null,5eb0e4cfb6c3bb0006eeb24b,,
Starlink 1,Satellite,SpaceX,,,United States,34392,SpaceX,FALSE,null,null,null,null,null,null,null,5eb87d39ffd86e000604b37d,15600,VLEO,geocentric,very-low-earth,null,6925.422,0.0001472,546.267,548.306,53.0575,95.593,null,2021-01-13T06:11:13.000Z,15.06375907,352.6693,74.3547,285.7604,5eb0e4cfb6c3bb0006eeb24c,,44713
JCSat 18 / Kacific 1,Satellite,SKY Perfect JSAT Corporation,Kacific Broadband Satellites Pte Ltd,,Japan,14991,Boeing Satellite Systems,FALSE,null,null,null,null,null,null,null,5eb87d3bffd86e000604b37f,6800,GTO,geocentric,geostationary,null,42165.294,0.0000546,35784.857,35789.461,0.0394,1436.125,15,2021-01-12T21:38:04.000Z,1.00269779,135.7191,209.2518,242.1079,5eb0e4cfb6c3bb0006eeb24e,44868,
Starlink 2,Satellite,SpaceX,,,United States,33951,SpaceX,FALSE,null,null,null,null,null,null,null,5eb87d3cffd86e000604b380,15400,VLEO,geocentric,very-low-earth,null,6927.871,0.000183,548.468,551.003,52.9998,95.644,null,2021-01-13T01:51:47.000Z,15.05577292,153.5009,104.2394,255.8798,5eb0e4cfb6c3bb0006eeb24f,,44914
Starlink 3,Satellite,SpaceX,,,United States,34392,SpaceX,FALSE,null,null,null,null,null,null,null,5eb87d3fffd86e000604b382,15600,VLEO,geocentric,very-low-earth,null,6927.84,0.0001139,548.915,550.494,53.0024,95.643,null,2021-01-12T10:50:57.000Z,15.05587437,76.3112,94.2007,265.9111,5eb0e4d0b6c3bb0006eeb251,,45044
Starlink 4,Satellite,SpaceX,,,United States,33951,SpaceX,FALSE,null,null,null,null,null,null,null,5eb87d41ffd86e000604b383,15400,VLEO,geocentric,very-low-earth,null,null,null,null,null,null,null,null,null,null,null,null,null,5eb0e4d0b6c3bb0006eeb252,,
Starlink 5,Satellite,SpaceX,,,United States,34392,SpaceX,FALSE,null,null,null,null,null,null,null,5eb87d43ffd86e000604b385,15600,VLEO,geocentric,very-low-earth,null,6925.353,0.0002053,545.796,548.639,53.0566,95.592,null,2021-01-12T19:36:57.000Z,15.06398532,214.6458,82.3644,277.7578,5eb0e4d0b6c3bb0006eeb254,,45178
Starlink 6,Satellite,SpaceX,,,United States,33951,SpaceX,FALSE,null,null,null,null,null,null,null,5eb87d44ffd86e000604b386,15400,VLEO,geocentric,very-low-earth,null,null,null,null,null,null,null,null,null,null,null,null,null,5eb0e4d1b6c3bb0006eeb255,72000,
Starlink 7,Satellite,SpaceX,,,United States,33951,SpaceX,FALSE,null,null,null,null,null,null,null,5eb87d45ffd86e000604b387,15400,VLEO,geocentric,very-low-earth,null,6526.082,0.0028054,129.639,166.255,53.0001,87.445,null,2020-07-14T14:23:37.000Z,16.46735707,319.7129,181.2741,293.9291,5eb0e4d1b6c3bb0006eeb256,,45657
Starlink 8,Satellite,SpaceX,,,United States,33951,SpaceX,FALSE,null,null,null,null,null,null,null,5eb87d46ffd86e000604b389,15400,VLEO,geocentric,very-low-earth,null,6927.845,0.0001347,548.777,550.644,53.0019,95.643,null,2021-01-13T10:22:27.000Z,15.05585516,41.9025,79.6055,280.5085,5eb0e4d1b6c3bb0006eeb258,,45730
SXM-7,Satellite,SiriusXM,,,United States,15432,SSL,FALSE,null,null,null,null,null,null,null,5eb87d4bffd86e000604b38c,7000,GTO,geocentric,geostationary,-85.15,42163.996,0.0001176,35780.903,35790.82,0.0188,1436.059,15,2021-01-13T08:17:45.000Z,1.00274407,344.0134,67.0808,65.9076,5eb0e4d2b6c3bb0006eeb25d,47240,
GPS III SV04 (Sacagawea),Satellite,United States Space Force,,,United States,8115,Lockheed Martin,FALSE,null,null,null,null,null,null,null,5eb87d4cffd86e000604b38d,3681,MEO,geocentric,semi-synchronous,null,26561.008,0.0000601,20181.276,20184.469,54.942,718.003,15,2021-01-10T21:58:49.000Z,2.00556125,291.2604,200.6422,159.3897,5eb0e4d2b6c3bb0006eeb25e,46826,
Turksat 5A,Satellite,Turksat,,,Turkey,7716,Airbus Defence and Space,FALSE,null,null,null,null,null,null,null,5eb87d4fffd86e000604b393,3500,GTO,geocentric,geostationary,31,34151.774,0.7981639,514.925,55032.352,17.4719,1046.838,15,2021-01-12T22:08:06.000Z,1.37557052,332.0015,181.9195,223.5881,5eb0e4d3b6c3bb0006eeb264,47306,
Starlink-9,Satellite,SpaceX,,,United States,33246,SpaceX,FALSE,null,null,null,null,null,null,null,5ed9819a1f30554030d45c29,15079,VLEO,geocentric,very-low-earth,null,6526.082,0.0028054,129.639,166.255,53.0001,87.445,null,2020-07-14T14:23:37.000Z,16.46735707,319.7129,181.2741,293.9291,5ed9858b1f30554030d45c3e,,45657
Starlink 10,Satellite,SpaceX,,,United States,33951,SpaceX,FALSE,null,null,null,null,null,null,null,5ed981d91f30554030d45c2a,15400,VLEO,geocentric,very-low-earth,null,6927.845,0.0001347,548.777,550.644,53.0019,95.643,null,2021-01-13T10:22:27.000Z,15.05585516,41.9025,79.6055,280.5085,5ed9859f1f30554030d45c3f,,45730
BlackSky Global 5-6,Satellite,BlackSky Global,,,United States,247,BlackSky Global,FALSE,null,null,null,null,null,null,null,5ed9819a1f30554030d45c29,112,SSO,geocentric,sun-synchronous,null,null,null,null,null,null,null,3,null,null,null,null,null,5ee522e32f1f3d474c758123,,
Starlink-11,Satellite,SpaceX,,,United States,33951,SpaceX,FALSE,null,null,null,null,null,null,null,5ef6a1e90059c33cee4a828a,15400,VLEO,geocentric,very-low-earth,null,6819.864,0.0001341,440.814,442.643,53.0985,93.416,null,2021-01-13T06:00:00.000Z,15.41484504,139.6429,62.8164,32.0083,5ef6a4600059c33cee4a829e,,46325
Starlink-12,Satellite,SpaceX,,,United States,33951,SpaceX,FALSE,null,null,null,null,null,null,null,5ef6a2090059c33cee4a828b,15400,VLEO,geocentric,very-low-earth,null,6927.871,0.0002273,548.161,551.31,53.0015,95.644,null,2021-01-13T06:00:00.000Z,15.05577308,342.7302,60.197,161.4911,5ef6a48e0059c33cee4a829f,,46532
Starlink-13,Satellite,SpaceX,,,United States,33951,SpaceX,FALSE,null,null,null,null,null,null,null,5ef6a2bf0059c33cee4a828c,15400,VLEO,geocentric,very-low-earth,null,6575.454,0.0011864,189.518,205.12,53.0515,88.439,null,2020-10-24T20:24:51.000Z,16.28223676,77.8706,337.4012,22.6738,5ef6a4d50059c33cee4a82a1,,46670
Starlink-14,Satellite,SpaceX,,,United States,33951,SpaceX,FALSE,null,null,null,null,null,null,null,5ef6a2e70059c33cee4a8293,15400,VLEO,geocentric,very-low-earth,null,6881.106,0.0001592,501.875,504.066,53.0542,94.677,null,2021-01-13T12:00:00.000Z,15.20951548,126.9471,56.1727,147.4205,5ef6a4ea0059c33cee4a82a2,,46739
Starlink-15,Satellite,SpaceX,,,United States,33951,SpaceX,FALSE,null,null,null,null,null,null,null,5fb95b3f3a88ae63c954603c,15400,VLEO,geocentric,very-low-earth,null,null,null,null,null,null,null,null,null,null,null,null,null,5fb95c263a88ae63c9546044,,
Starlink-16,Satellite,SpaceX,,,United States,33951,SpaceX,FALSE,null,null,null,null,null,null,null,5fbfecce54ceb10a5664c80a,15400,VLEO,geocentric,very-low-earth,null,null,null,null,null,null,null,null,null,null,null,null,null,5fbfedba54ceb10a5664c813,,
Starlink-17,Satellite,SpaceX,,,United States,33951,SpaceX,FALSE,null,null,null,null,null,null,null,5fbfecfe54ceb10a5664c80b,15400,VLEO,geocentric,very-low-earth,null,null,null,null,null,null,null,null,null,null,null,null,null,5fbfedc654ceb10a5664c814,,
SARah 1,Satellite,OHB-System,AG,Bundeswehr,Germany,4850,Airbus Defence and Space,FALSE,null,null,null,null,null,null,null,5fe3af43b3467846b324215e,2200,SSO,geocentric,sun-synchronous,null,null,null,null,null,null,null,null,null,null,null,null,null,5fe3b2abb3467846b3242172,,
SXM-8,Satellite,SiriusXM,,,United States,15432,SSL,FALSE,null,null,null,null,null,null,null,5fe3af6db3467846b3242160,7000,GTO,geocentric,geostationary,null,null,null,null,null,null,null,15,null,null,null,null,null,5fe3b57db3467846b324217a,,
USSF-44,Satellite,USSF,,,United States,8157,USSF,FALSE,null,null,null,null,null,null,null,5fe3af99b3467846b3242162,3700,GTO,geocentric,geostationary,null,null,null,null,null,null,null,null,null,null,null,null,null,5fe3b86eb3467846b324217c,,
USSF-52,Satellite,USSF,,,United States,13999,USSF,FALSE,null,null,null,null,null,null,null,5fe3afaeb3467846b3242163,6350,GTO,geocentric,geostationary,null,null,null,null,null,null,null,null,null,null,null,null,null,5fe3c02fb3467846b324218f,,
Turksat 5B,Satellite,Turksat,,,Turkey,7716,Airbus Defence and Space,FALSE,null,null,null,null,null,null,null,5fe3afc1b3467846b3242164,3500,GTO,geocentric,geostationary,31,null,null,null,null,null,null,15,null,null,null,null,null,5fe3c080b3467846b3242190,,
Starlink-18,Satellite,SpaceX,,,United States,33951,SpaceX,FALSE,null,null,null,null,null,null,null,5ff6554f9257f579ee3a6c5f,15400,VLEO,geocentric,very-low-earth,null,null,null,null,null,null,null,null,null,null,null,null,null,5ff655769257f579ee3a6c64,,